{"cameraMode":{"drawMode":0,"name":"Shaded","section":"Shading Mode"},"sceneLighting":true,"audioPlay":false,"sceneViewState":{"showFog":true,"showMaterialUpdate":false,"showSkybox":true,"showFlares":true,"showImageEffects":true,"showParticleSystems":true,"showVisualEffectGraphs":true},"in2DMode":false,"pivot":{"x":-2.9235754013061525,"y":0.3888551890850067,"z":0.9632582068443298},"rotation":{"x":-0.004665497224777937,"y":0.6732435822486877,"z":-0.004247855860739946,"w":-0.7394063472747803},"size":9.763993263244629,"orthographic":false}