{"cameraMode":{"drawMode":0,"name":"Shaded","section":"Shading Mode"},"sceneLighting":true,"audioPlay":false,"sceneViewState":{"showFog":true,"showMaterialUpdate":false,"showSkybox":true,"showFlares":true,"showImageEffects":true,"showParticleSystems":true},"in2DMode":false,"pivot":{"x":34.37355041503906,"y":194.85264587402345,"z":-207.34878540039063},"rotation":{"x":0.17045369744300843,"y":-0.19805185496807099,"z":0.034994591027498248,"w":0.964627206325531},"size":9.852911949157715,"orthographic":false}