{"cameraMode":{"drawMode":0,"name":"Shaded","section":"Shading Mode"},"sceneLighting":true,"audioPlay":false,"sceneViewState":{"showFog":true,"showMaterialUpdate":false,"showSkybox":true,"showFlares":true,"showImageEffects":true,"showParticleSystems":true},"in2DMode":false,"pivot":{"x":-0.26247358322143557,"y":1.3320164680480958,"z":-0.5044493675231934},"rotation":{"x":-0.058831650763750079,"y":0.9157638549804688,"z":-0.14572808146476746,"w":-0.36970147490501406},"size":10.0,"orthographic":false}